-- EVN WARP 전략과제/KPI 데이터 이전 스크립트
-- 생성: 2026-07-08T02:48:40.300Z
PRAGMA foreign_keys = OFF;
BEGIN TRANSACTION;

-- Team (8건)
INSERT OR IGNORE INTO "Team" ("id", "name", "createdAt") VALUES ('team-biz', '사업개발팀', '2026-06-09T01:11:42.628+00:00');
INSERT OR IGNORE INTO "Team" ("id", "name", "createdAt") VALUES ('team-pm', 'PM팀', '2026-06-09T01:11:42.646+00:00');
INSERT OR IGNORE INTO "Team" ("id", "name", "createdAt") VALUES ('team-mfg', '제조운영팀', '2026-06-09T01:11:42.658+00:00');
INSERT OR IGNORE INTO "Team" ("id", "name", "createdAt") VALUES ('team-sys', '클레버팀', '2026-06-09T01:11:42.670+00:00');
INSERT OR IGNORE INTO "Team" ("id", "name", "createdAt") VALUES ('team-mkt', '마케팅팀', '2026-06-09T01:11:42.681+00:00');
INSERT OR IGNORE INTO "Team" ("id", "name", "createdAt") VALUES ('team-clvr', '기업부설연구소', '2026-06-09T01:11:42.692+00:00');
INSERT OR IGNORE INTO "Team" ("id", "name", "createdAt") VALUES ('team-mgmt', '경영관리팀', '2026-06-09T01:11:42.706+00:00');
INSERT OR IGNORE INTO "Team" ("id", "name", "createdAt") VALUES ('team-ceo', '경영진', '2026-06-16T02:20:26.983+00:00');

-- StrategyTask (7건)
INSERT OR IGNORE INTO "StrategyTask" ("id", "code", "teamSeq", "subSeq", "strategy", "title", "teamId", "owner", "startDate", "endDate", "status", "confirmed", "problemStatement", "goalStatement", "parentId", "suspended", "suspendedAt", "suspendReason", "createdAt", "updatedAt") VALUES ('cmqg0lt0g0000ak1jke7t2rth', 'A', 1, NULL, 'A', '확장과 성장', 'team-ceo', 'CEO', '2026-01-01T00:00:00.000+00:00', '2026-12-31T00:00:00.000+00:00', '진행중', 1, NULL, NULL, NULL, 0, NULL, NULL, '2026-06-16T02:20:27.040+00:00', '2026-06-16T02:20:27.040+00:00');
INSERT OR IGNORE INTO "StrategyTask" ("id", "code", "teamSeq", "subSeq", "strategy", "title", "teamId", "owner", "startDate", "endDate", "status", "confirmed", "problemStatement", "goalStatement", "parentId", "suspended", "suspendedAt", "suspendReason", "createdAt", "updatedAt") VALUES ('cmqg0lt270001ak1j75j9zhc9', 'B', 2, NULL, 'B', 'AI 기반 조직운영', 'team-ceo', 'CEO', '2026-01-01T00:00:00.000+00:00', '2026-12-31T00:00:00.000+00:00', '진행중', 1, NULL, NULL, NULL, 0, NULL, NULL, '2026-06-16T02:20:27.103+00:00', '2026-06-16T02:20:27.103+00:00');
INSERT OR IGNORE INTO "StrategyTask" ("id", "code", "teamSeq", "subSeq", "strategy", "title", "teamId", "owner", "startDate", "endDate", "status", "confirmed", "problemStatement", "goalStatement", "parentId", "suspended", "suspendedAt", "suspendReason", "createdAt", "updatedAt") VALUES ('cmqgdd1zh0002qk1jfp9i0gky', '제조운영팀-01', 1, 1, 'A', 'CATL AS 사업준비', 'team-mfg', '이현수', '2026-06-01T00:00:00.000+00:00', '2026-08-31T00:00:00.000+00:00', '진행중', 1, '기존 사업에 기반하여 추가적인 매출 확대사업 확보' || char(10) || '보완적 매출 기대', '26년 8월 내 준비 완료' || char(10) || '26년 9월 매출 실현', 'cmqg0lt0g0000ak1jke7t2rth', 0, NULL, NULL, '2026-06-16T08:17:33.773+00:00', '2026-06-22T08:17:44.761+00:00');
INSERT OR IGNORE INTO "StrategyTask" ("id", "code", "teamSeq", "subSeq", "strategy", "title", "teamId", "owner", "startDate", "endDate", "status", "confirmed", "problemStatement", "goalStatement", "parentId", "suspended", "suspendedAt", "suspendReason", "createdAt", "updatedAt") VALUES ('cmqj4ddy50013z01jpcg7pii0', '사업개발팀-01', 1, 2, 'A', 'STEGO K1 150대 판매', 'team-biz', '김기범', '2026-06-01T00:00:00.000+00:00', '2026-12-31T00:00:00.000+00:00', '진행중', 1, '서비스 매출의 수익성 저조로 인해 회사의 수익성 하락' || char(10) || '저조한 판매실적', '제품 매출 확대를 통한 회사 수익성 제고 필요' || char(10) || 'STEGO K1 150대, 80억 매출 달성', 'cmqg0lt0g0000ak1jke7t2rth', 0, NULL, NULL, '2026-06-18T06:29:11.261+00:00', '2026-06-29T01:56:05.407+00:00');
INSERT OR IGNORE INTO "StrategyTask" ("id", "code", "teamSeq", "subSeq", "strategy", "title", "teamId", "owner", "startDate", "endDate", "status", "confirmed", "problemStatement", "goalStatement", "parentId", "suspended", "suspendedAt", "suspendReason", "createdAt", "updatedAt") VALUES ('cmqq36aut0000rc1jwk17aif3', 'PM팀-01', 1, 3, 'A', '무인배송차량 도매시장 시범도입', 'team-pm', '이현수', '2026-06-23T00:00:00.000+00:00', '2026-09-30T00:00:00.000+00:00', '진행중', 1, '무인배송차량 프로젝트를 진행함에 있어 차량인증의 높은 난이도와 불확실성이 큰 리스크로 작용함' || char(10) || '정식도로에서 배송을 진행하려고 하면 인증이 필수적인 절차임', '기 수입된 무인배송차량 1대를 도매시장 내 투입함' || char(10) || '3분기 이내에 시범운행을 실시함', 'cmqg0lt0g0000ak1jke7t2rth', 0, NULL, NULL, '2026-06-23T03:30:04.277+00:00', '2026-06-23T03:31:33.113+00:00');
INSERT OR IGNORE INTO "StrategyTask" ("id", "code", "teamSeq", "subSeq", "strategy", "title", "teamId", "owner", "startDate", "endDate", "status", "confirmed", "problemStatement", "goalStatement", "parentId", "suspended", "suspendedAt", "suspendReason", "createdAt", "updatedAt") VALUES ('cmqhk3ogo00008w1js4ot2hyk', '제조운영팀-02', 2, 1, 'B', '목표관리시스템 WARP 개발', 'team-mfg', '이현수', '2026-06-01T00:00:00.000+00:00', '2026-08-31T00:00:00.000+00:00', '진행중', 1, '전사적으로 회사의 목표와 담당자의 업무가 연결되어 있지 않음' || char(10) || '구성원이 서로 상이한 시스템을 사용해서 관리하고 있음', '7월까지 파일럿 시스템 운영' || char(10) || '8월까지 전사 사용 시스템 개발' || char(10) || '9월부터 전사 사용', 'cmqg0lt270001ak1j75j9zhc9', 0, NULL, NULL, '2026-06-17T04:13:59.832+00:00', '2026-07-03T01:10:18.926+00:00');
INSERT OR IGNORE INTO "StrategyTask" ("id", "code", "teamSeq", "subSeq", "strategy", "title", "teamId", "owner", "startDate", "endDate", "status", "confirmed", "problemStatement", "goalStatement", "parentId", "suspended", "suspendedAt", "suspendReason", "createdAt", "updatedAt") VALUES ('cmqq4net7000irc1j86tr4lj5', '마케팅팀-01', 1, 2, 'B', 'Sales Funnel 시스템 개발', 'team-mkt', '이현수', '2026-06-23T00:00:00.000+00:00', '2026-07-31T00:00:00.000+00:00', '진행중', 1, '기존 영업활동에 대한 정량화, 표준화된 프로세스 미확보' || char(10) || '시스템이 아니 매뉴얼 관리', '2026년 7월 내 Sales Funnel 시스템 완성' || char(10) || '8월 1일부터 현업에 활용', 'cmqg0lt270001ak1j75j9zhc9', 0, NULL, NULL, '2026-06-23T04:11:22.172+00:00', '2026-06-23T04:11:22.172+00:00');

-- KpiItem (7건)
INSERT OR IGNORE INTO "KpiItem" ("id", "taskId", "index", "type", "subType", "label", "target", "targetNum", "unit") VALUES ('cmqoy0ehc0000us1jd716qc6i', 'cmqgdd1zh0002qk1jfp9i0gky', 1, '정량', '일자', '8월 내 CATL AS 업무준비 완료', '2026-08-31', NULL, NULL);
INSERT OR IGNORE INTO "KpiItem" ("id", "taskId", "index", "type", "subType", "label", "target", "targetNum", "unit") VALUES ('cmqq387ex000brc1jq05h8r54', 'cmqq36aut0000rc1jwk17aif3', 1, '정량', '대수', '무인배송차량 1대 도매시장 운영', '1', 1, '대');
INSERT OR IGNORE INTO "KpiItem" ("id", "taskId", "index", "type", "subType", "label", "target", "targetNum", "unit") VALUES ('cmqq387ex000crc1jsrcm8blm', 'cmqq36aut0000rc1jwk17aif3', 2, '정량', '일자', '3분기 내 시범운행 실시', '2026-09-30', NULL, NULL);
INSERT OR IGNORE INTO "KpiItem" ("id", "taskId", "index", "type", "subType", "label", "target", "targetNum", "unit") VALUES ('cmqq4netd000jrc1jvnz9x51f', 'cmqq4net7000irc1j86tr4lj5', 1, '정량', '일자', 'Sales Funnel 시스템 완성', '2026-07-31', NULL, NULL);
INSERT OR IGNORE INTO "KpiItem" ("id", "taskId", "index", "type", "subType", "label", "target", "targetNum", "unit") VALUES ('cmqykgjw80001ic1jgc7ktt7y', 'cmqj4ddy50013z01jpcg7pii0', 1, '정량', '건수', 'STEGO K1 판매량', '150', 150, '건');
INSERT OR IGNORE INTO "KpiItem" ("id", "taskId", "index", "type", "subType", "label", "target", "targetNum", "unit") VALUES ('cmqykgjw80002ic1jkatb3qop', 'cmqj4ddy50013z01jpcg7pii0', 2, '정량', '금액', 'STEGO K1 매출액', '800000', 800000, '만원');
INSERT OR IGNORE INTO "KpiItem" ("id", "taskId", "index", "type", "subType", "label", "target", "targetNum", "unit") VALUES ('cmr48l3d00000uw1jqz0c7w5f', 'cmqhk3ogo00008w1js4ot2hyk', 1, '정량', '일자', 'WARP 시스템 정식 론칭', '2026-09-01', NULL, NULL);

-- MonthlyTarget (24건)
INSERT OR IGNORE INTO "MonthlyTarget" ("id", "taskId", "month", "year", "revenueTarget", "budgetPersonnel", "budgetOutsource", "budgetEquipment", "budgetTravel", "budgetOther", "personnel", "budget") VALUES ('cmqoy0ehy0001us1jowvv3vqh', 'cmqgdd1zh0002qk1jfp9i0gky', 1, 2026, NULL, NULL, NULL, NULL, NULL, NULL, NULL, NULL);
INSERT OR IGNORE INTO "MonthlyTarget" ("id", "taskId", "month", "year", "revenueTarget", "budgetPersonnel", "budgetOutsource", "budgetEquipment", "budgetTravel", "budgetOther", "personnel", "budget") VALUES ('cmqoy0ehy0002us1j65dfe9mz', 'cmqgdd1zh0002qk1jfp9i0gky', 2, 2026, NULL, NULL, NULL, NULL, NULL, NULL, NULL, NULL);
INSERT OR IGNORE INTO "MonthlyTarget" ("id", "taskId", "month", "year", "revenueTarget", "budgetPersonnel", "budgetOutsource", "budgetEquipment", "budgetTravel", "budgetOther", "personnel", "budget") VALUES ('cmqoy0ehy0003us1jb0mqjlay', 'cmqgdd1zh0002qk1jfp9i0gky', 3, 2026, NULL, NULL, NULL, NULL, NULL, NULL, NULL, NULL);
INSERT OR IGNORE INTO "MonthlyTarget" ("id", "taskId", "month", "year", "revenueTarget", "budgetPersonnel", "budgetOutsource", "budgetEquipment", "budgetTravel", "budgetOther", "personnel", "budget") VALUES ('cmqoy0ehy0004us1jfjyzxyyv', 'cmqgdd1zh0002qk1jfp9i0gky', 4, 2026, NULL, NULL, NULL, NULL, NULL, NULL, NULL, NULL);
INSERT OR IGNORE INTO "MonthlyTarget" ("id", "taskId", "month", "year", "revenueTarget", "budgetPersonnel", "budgetOutsource", "budgetEquipment", "budgetTravel", "budgetOther", "personnel", "budget") VALUES ('cmqoy0ehy0005us1jh5puk8fa', 'cmqgdd1zh0002qk1jfp9i0gky', 5, 2026, NULL, NULL, NULL, NULL, NULL, NULL, NULL, NULL);
INSERT OR IGNORE INTO "MonthlyTarget" ("id", "taskId", "month", "year", "revenueTarget", "budgetPersonnel", "budgetOutsource", "budgetEquipment", "budgetTravel", "budgetOther", "personnel", "budget") VALUES ('cmqoy0ehy0006us1j9v1k40et', 'cmqgdd1zh0002qk1jfp9i0gky', 6, 2026, NULL, NULL, NULL, NULL, NULL, NULL, NULL, NULL);
INSERT OR IGNORE INTO "MonthlyTarget" ("id", "taskId", "month", "year", "revenueTarget", "budgetPersonnel", "budgetOutsource", "budgetEquipment", "budgetTravel", "budgetOther", "personnel", "budget") VALUES ('cmqoy0ehy0007us1j4gz55dd5', 'cmqgdd1zh0002qk1jfp9i0gky', 7, 2026, NULL, NULL, NULL, NULL, NULL, NULL, 2, 2500);
INSERT OR IGNORE INTO "MonthlyTarget" ("id", "taskId", "month", "year", "revenueTarget", "budgetPersonnel", "budgetOutsource", "budgetEquipment", "budgetTravel", "budgetOther", "personnel", "budget") VALUES ('cmqoy0ehy0008us1jm3kbeg9o', 'cmqgdd1zh0002qk1jfp9i0gky', 8, 2026, NULL, NULL, NULL, NULL, NULL, NULL, NULL, NULL);
INSERT OR IGNORE INTO "MonthlyTarget" ("id", "taskId", "month", "year", "revenueTarget", "budgetPersonnel", "budgetOutsource", "budgetEquipment", "budgetTravel", "budgetOther", "personnel", "budget") VALUES ('cmqoy0ehy0009us1jnabplrji', 'cmqgdd1zh0002qk1jfp9i0gky', 9, 2026, NULL, NULL, NULL, NULL, NULL, NULL, NULL, NULL);
INSERT OR IGNORE INTO "MonthlyTarget" ("id", "taskId", "month", "year", "revenueTarget", "budgetPersonnel", "budgetOutsource", "budgetEquipment", "budgetTravel", "budgetOther", "personnel", "budget") VALUES ('cmqoy0ehy000aus1jgq779yst', 'cmqgdd1zh0002qk1jfp9i0gky', 10, 2026, NULL, NULL, NULL, NULL, NULL, NULL, NULL, NULL);
INSERT OR IGNORE INTO "MonthlyTarget" ("id", "taskId", "month", "year", "revenueTarget", "budgetPersonnel", "budgetOutsource", "budgetEquipment", "budgetTravel", "budgetOther", "personnel", "budget") VALUES ('cmqoy0ehy000bus1j2rbz7jz1', 'cmqgdd1zh0002qk1jfp9i0gky', 11, 2026, NULL, NULL, NULL, NULL, NULL, NULL, NULL, NULL);
INSERT OR IGNORE INTO "MonthlyTarget" ("id", "taskId", "month", "year", "revenueTarget", "budgetPersonnel", "budgetOutsource", "budgetEquipment", "budgetTravel", "budgetOther", "personnel", "budget") VALUES ('cmqoy0ehy000cus1jdiw2d3oy', 'cmqgdd1zh0002qk1jfp9i0gky', 12, 2026, NULL, NULL, NULL, NULL, NULL, NULL, NULL, NULL);
INSERT OR IGNORE INTO "MonthlyTarget" ("id", "taskId", "month", "year", "revenueTarget", "budgetPersonnel", "budgetOutsource", "budgetEquipment", "budgetTravel", "budgetOther", "personnel", "budget") VALUES ('cmqykgjwy0003ic1j0y8msgoo', 'cmqj4ddy50013z01jpcg7pii0', 1, 2026, NULL, NULL, NULL, NULL, NULL, NULL, NULL, NULL);
INSERT OR IGNORE INTO "MonthlyTarget" ("id", "taskId", "month", "year", "revenueTarget", "budgetPersonnel", "budgetOutsource", "budgetEquipment", "budgetTravel", "budgetOther", "personnel", "budget") VALUES ('cmqykgjwy0004ic1jld20pg5h', 'cmqj4ddy50013z01jpcg7pii0', 2, 2026, NULL, NULL, NULL, NULL, NULL, NULL, NULL, NULL);
INSERT OR IGNORE INTO "MonthlyTarget" ("id", "taskId", "month", "year", "revenueTarget", "budgetPersonnel", "budgetOutsource", "budgetEquipment", "budgetTravel", "budgetOther", "personnel", "budget") VALUES ('cmqykgjwy0005ic1j7elzmgnj', 'cmqj4ddy50013z01jpcg7pii0', 3, 2026, NULL, NULL, NULL, NULL, NULL, NULL, NULL, NULL);
INSERT OR IGNORE INTO "MonthlyTarget" ("id", "taskId", "month", "year", "revenueTarget", "budgetPersonnel", "budgetOutsource", "budgetEquipment", "budgetTravel", "budgetOther", "personnel", "budget") VALUES ('cmqykgjwy0006ic1jvcr4c4sj', 'cmqj4ddy50013z01jpcg7pii0', 4, 2026, NULL, NULL, NULL, NULL, NULL, NULL, NULL, NULL);
INSERT OR IGNORE INTO "MonthlyTarget" ("id", "taskId", "month", "year", "revenueTarget", "budgetPersonnel", "budgetOutsource", "budgetEquipment", "budgetTravel", "budgetOther", "personnel", "budget") VALUES ('cmqykgjwy0007ic1j6ckhvs2u', 'cmqj4ddy50013z01jpcg7pii0', 5, 2026, NULL, NULL, NULL, NULL, NULL, NULL, NULL, NULL);
INSERT OR IGNORE INTO "MonthlyTarget" ("id", "taskId", "month", "year", "revenueTarget", "budgetPersonnel", "budgetOutsource", "budgetEquipment", "budgetTravel", "budgetOther", "personnel", "budget") VALUES ('cmqykgjwy0008ic1jog7yljnn', 'cmqj4ddy50013z01jpcg7pii0', 6, 2026, NULL, NULL, NULL, NULL, NULL, NULL, NULL, NULL);
INSERT OR IGNORE INTO "MonthlyTarget" ("id", "taskId", "month", "year", "revenueTarget", "budgetPersonnel", "budgetOutsource", "budgetEquipment", "budgetTravel", "budgetOther", "personnel", "budget") VALUES ('cmqykgjwy0009ic1jraj17ezw', 'cmqj4ddy50013z01jpcg7pii0', 7, 2026, NULL, NULL, NULL, NULL, NULL, NULL, NULL, 500);
INSERT OR IGNORE INTO "MonthlyTarget" ("id", "taskId", "month", "year", "revenueTarget", "budgetPersonnel", "budgetOutsource", "budgetEquipment", "budgetTravel", "budgetOther", "personnel", "budget") VALUES ('cmqykgjwy000aic1jcxuoutiq', 'cmqj4ddy50013z01jpcg7pii0', 8, 2026, NULL, NULL, NULL, NULL, NULL, NULL, 1, NULL);
INSERT OR IGNORE INTO "MonthlyTarget" ("id", "taskId", "month", "year", "revenueTarget", "budgetPersonnel", "budgetOutsource", "budgetEquipment", "budgetTravel", "budgetOther", "personnel", "budget") VALUES ('cmqykgjwy000bic1jynet6k3s', 'cmqj4ddy50013z01jpcg7pii0', 9, 2026, NULL, NULL, NULL, NULL, NULL, NULL, NULL, NULL);
INSERT OR IGNORE INTO "MonthlyTarget" ("id", "taskId", "month", "year", "revenueTarget", "budgetPersonnel", "budgetOutsource", "budgetEquipment", "budgetTravel", "budgetOther", "personnel", "budget") VALUES ('cmqykgjwy000cic1jo0m91ulk', 'cmqj4ddy50013z01jpcg7pii0', 10, 2026, NULL, NULL, NULL, NULL, NULL, NULL, NULL, NULL);
INSERT OR IGNORE INTO "MonthlyTarget" ("id", "taskId", "month", "year", "revenueTarget", "budgetPersonnel", "budgetOutsource", "budgetEquipment", "budgetTravel", "budgetOther", "personnel", "budget") VALUES ('cmqykgjwy000dic1j1fwtknxw', 'cmqj4ddy50013z01jpcg7pii0', 11, 2026, NULL, NULL, NULL, NULL, NULL, NULL, NULL, NULL);
INSERT OR IGNORE INTO "MonthlyTarget" ("id", "taskId", "month", "year", "revenueTarget", "budgetPersonnel", "budgetOutsource", "budgetEquipment", "budgetTravel", "budgetOther", "personnel", "budget") VALUES ('cmqykgjwy000eic1jqgzq5gwf', 'cmqj4ddy50013z01jpcg7pii0', 12, 2026, NULL, NULL, NULL, NULL, NULL, NULL, NULL, NULL);

-- Countermeasure (22건)
INSERT OR IGNORE INTO "Countermeasure" ("id", "taskId", "index", "description", "startDate", "endDate") VALUES ('cmqoy0eie000dus1js8to44sf', 'cmqgdd1zh0002qk1jfp9i0gky', 1, '교육인원 명단 송부', '2026-06-15', '2026-06-22');
INSERT OR IGNORE INTO "Countermeasure" ("id", "taskId", "index", "description", "startDate", "endDate") VALUES ('cmqoy0eie000eus1jzul8jj4u', 'cmqgdd1zh0002qk1jfp9i0gky', 2, '보유장비 리스트 파악', '2026-06-15', '2026-06-19');
INSERT OR IGNORE INTO "Countermeasure" ("id", "taskId", "index", "description", "startDate", "endDate") VALUES ('cmqoy0eie000fus1jyxgbqyxi', 'cmqgdd1zh0002qk1jfp9i0gky', 3, 'CATL 신설법인 운영안 확정', '2026-06-15', '2026-06-26');
INSERT OR IGNORE INTO "Countermeasure" ("id", "taskId", "index", "description", "startDate", "endDate") VALUES ('cmqoy0eie000gus1jk5a9g38l', 'cmqgdd1zh0002qk1jfp9i0gky', 4, 'AS 필요 장비 구매', '2026-06-22', '2026-07-31');
INSERT OR IGNORE INTO "Countermeasure" ("id", "taskId", "index", "description", "startDate", "endDate") VALUES ('cmqoy0eie000hus1ji5jkh0ew', 'cmqgdd1zh0002qk1jfp9i0gky', 5, 'CATL 신설법인 설립', '2026-06-29', '2026-07-31');
INSERT OR IGNORE INTO "Countermeasure" ("id", "taskId", "index", "description", "startDate", "endDate") VALUES ('cmqoy0eie000ius1j6pis2mml', 'cmqgdd1zh0002qk1jfp9i0gky', 6, 'CATL AS 인원 교육', '2026-07-01', '2026-08-14');
INSERT OR IGNORE INTO "Countermeasure" ("id", "taskId", "index", "description", "startDate", "endDate") VALUES ('cmqq387fe000drc1jqh61ohx5', 'cmqq36aut0000rc1jwk17aif3', 1, '도매시장 내 수요파악', '2026-06-22', '2026-07-10');
INSERT OR IGNORE INTO "Countermeasure" ("id", "taskId", "index", "description", "startDate", "endDate") VALUES ('cmqq387fe000erc1j3b5qpd50', 'cmqq36aut0000rc1jwk17aif3', 2, '실제 배송환경 이해 및 기술적 가능성 확인', '2026-06-23', '2026-07-10');
INSERT OR IGNORE INTO "Countermeasure" ("id", "taskId", "index", "description", "startDate", "endDate") VALUES ('cmqq387fe000frc1jj4vyci69', 'cmqq36aut0000rc1jwk17aif3', 3, '시범운행방안 도출', '2026-06-29', '2026-07-31');
INSERT OR IGNORE INTO "Countermeasure" ("id", "taskId", "index", "description", "startDate", "endDate") VALUES ('cmqq387fe000grc1j0ga0v9uj', 'cmqq36aut0000rc1jwk17aif3', 4, '시범운행 실시', '2026-08-01', '2026-09-30');
INSERT OR IGNORE INTO "Countermeasure" ("id", "taskId", "index", "description", "startDate", "endDate") VALUES ('cmqq4netf000krc1jg5ioppwb', 'cmqq4net7000irc1j86tr4lj5', 1, '영업관리현황 이해', '2026-06-23', '2026-06-26');
INSERT OR IGNORE INTO "Countermeasure" ("id", "taskId", "index", "description", "startDate", "endDate") VALUES ('cmqq4netf000lrc1j8svoeti1', 'cmqq4net7000irc1j86tr4lj5', 2, '설계방안 도출', '2026-06-29', '2026-07-10');
INSERT OR IGNORE INTO "Countermeasure" ("id", "taskId", "index", "description", "startDate", "endDate") VALUES ('cmqq4netf000mrc1jw0hfl6he', 'cmqq4net7000irc1j86tr4lj5', 3, '시스템 개발', '2026-07-13', '2026-07-17');
INSERT OR IGNORE INTO "Countermeasure" ("id", "taskId", "index", "description", "startDate", "endDate") VALUES ('cmqq4netf000nrc1jgd2ojtw0', 'cmqq4net7000irc1j86tr4lj5', 4, '테스트 이용', '2026-07-20', '2026-07-31');
INSERT OR IGNORE INTO "Countermeasure" ("id", "taskId", "index", "description", "startDate", "endDate") VALUES ('cmqykgjxl000fic1jdmey9xga', 'cmqj4ddy50013z01jpcg7pii0', 1, '로드쇼 운영', '2026-06-01', '2026-07-31');
INSERT OR IGNORE INTO "Countermeasure" ("id", "taskId", "index", "description", "startDate", "endDate") VALUES ('cmqykgjxl000gic1jmyawb61s', 'cmqj4ddy50013z01jpcg7pii0', 2, '판매 프로세스 확정', '2026-06-01', '2026-06-30');
INSERT OR IGNORE INTO "Countermeasure" ("id", "taskId", "index", "description", "startDate", "endDate") VALUES ('cmqykgjxl000hic1j59ckx2dz', 'cmqj4ddy50013z01jpcg7pii0', 3, '판매리드 확보', '2026-06-29', '2026-07-31');
INSERT OR IGNORE INTO "Countermeasure" ("id", "taskId", "index", "description", "startDate", "endDate") VALUES ('cmr48l3dn0001uw1jx6mz0ym2', 'cmqhk3ogo00008w1js4ot2hyk', 1, '테스트용 시스템 개발', '2026-06-01', '2026-06-26');
INSERT OR IGNORE INTO "Countermeasure" ("id", "taskId", "index", "description", "startDate", "endDate") VALUES ('cmr48l3dn0002uw1jjac2d3ag', 'cmqhk3ogo00008w1js4ot2hyk', 2, '고객정보 Migration', '2026-06-29', '2026-07-10');
INSERT OR IGNORE INTO "Countermeasure" ("id", "taskId", "index", "description", "startDate", "endDate") VALUES ('cmr48l3dn0003uw1j08iivchw', 'cmqhk3ogo00008w1js4ot2hyk', 3, 'STEGO K1 판매 파일럿 사용', '2026-07-06', '2026-07-31');
INSERT OR IGNORE INTO "Countermeasure" ("id", "taskId", "index", "description", "startDate", "endDate") VALUES ('cmr48l3dn0004uw1jf78bgxgu', 'cmqhk3ogo00008w1js4ot2hyk', 4, '전략과제 입력', '2026-07-06', '2026-07-31');
INSERT OR IGNORE INTO "Countermeasure" ("id", "taskId", "index", "description", "startDate", "endDate") VALUES ('cmr48l3dn0005uw1jax3xrbie', 'cmqhk3ogo00008w1js4ot2hyk', 5, '전사 파일럿 사용 및 최종버전 확정', '2026-08-01', '2026-08-31');

-- KpiActual: 데이터 없음

-- WorkActivity (5건)
INSERT OR IGNORE INTO "WorkActivity" ("id", "taskId", "teamId", "userId", "userName", "date", "week", "type", "title", "content", "mentions", "planStatus", "kpiItemId", "kpiWeek", "countermeasureId", "createdAt", "updatedAt", "referenceUrl", "endDate", "expenseMeal", "expenseNote", "expenseOther", "expenseTransport", "expenseAccomm", "expenseAccommReceipt", "expenseMealReceipt", "expenseOtherReceipt", "expenseTransportReceipt", "expenseApprovedAt", "expenseApproverId", "expenseApproverName", "expenseApproverNote", "expenseStatus") VALUES ('cmqj3kq1k0012z01jsca27wrl', 'cmqgdd1zh0002qk1jfp9i0gky', 'team-mfg', NULL, NULL, '2026-06-22', '2026-W25', '이메일', 'CATL GSS 계정 관련 이메일 회신', 'CATL 정산/창고/AS인원 명단 회신', NULL, '완료', NULL, NULL, 'cmqoy0eie000dus1js8to44sf', '2026-06-18T06:06:53.912+00:00', '2026-06-23T02:33:44.432+00:00', NULL, NULL, NULL, NULL, NULL, NULL, NULL, NULL, NULL, NULL, NULL, NULL, NULL, NULL, NULL, NULL);
INSERT OR IGNORE INTO "WorkActivity" ("id", "taskId", "teamId", "userId", "userName", "date", "week", "type", "title", "content", "mentions", "planStatus", "kpiItemId", "kpiWeek", "countermeasureId", "createdAt", "updatedAt", "referenceUrl", "endDate", "expenseMeal", "expenseNote", "expenseOther", "expenseTransport", "expenseAccomm", "expenseAccommReceipt", "expenseMealReceipt", "expenseOtherReceipt", "expenseTransportReceipt", "expenseApprovedAt", "expenseApproverId", "expenseApproverName", "expenseApproverNote", "expenseStatus") VALUES ('cmqkg5e3i000ij01j2a3kat79', 'cmqj4ddy50013z01jpcg7pii0', 'team-biz', NULL, NULL, '2026-06-20', '2026-W25', '발표/전시·행사', 'STEGO K1 로드쇼_컬리D', '김포 컬리D조 로드쇼 운영' || char(10) || '18:00 ~ 20:00', '@전체 관련 업무협조 제공 요망', '완료', NULL, NULL, NULL, '2026-06-19T04:46:39.774+00:00', '2026-06-26T01:03:25.396+00:00', NULL, NULL, NULL, '상담 기사용 음료수 비용', 30000, NULL, NULL, NULL, NULL, NULL, NULL, NULL, NULL, NULL, NULL, NULL);
INSERT OR IGNORE INTO "WorkActivity" ("id", "taskId", "teamId", "userId", "userName", "date", "week", "type", "title", "content", "mentions", "planStatus", "kpiItemId", "kpiWeek", "countermeasureId", "createdAt", "updatedAt", "referenceUrl", "endDate", "expenseMeal", "expenseNote", "expenseOther", "expenseTransport", "expenseAccomm", "expenseAccommReceipt", "expenseMealReceipt", "expenseOtherReceipt", "expenseTransportReceipt", "expenseApprovedAt", "expenseApproverId", "expenseApproverName", "expenseApproverNote", "expenseStatus") VALUES ('cmqm0yvke0000s01jmofqaus8', 'cmqj4ddy50013z01jpcg7pii0', 'team-biz', NULL, NULL, '2026-06-20', '2026-W25', '외부미팅', '기아대장 대표님 면담', NULL, NULL, '완료', NULL, NULL, NULL, '2026-06-20T07:17:13.934+00:00', '2026-06-23T02:21:21.873+00:00', NULL, NULL, NULL, NULL, NULL, NULL, NULL, NULL, NULL, NULL, NULL, NULL, NULL, NULL, NULL, NULL);
INSERT OR IGNORE INTO "WorkActivity" ("id", "taskId", "teamId", "userId", "userName", "date", "week", "type", "title", "content", "mentions", "planStatus", "kpiItemId", "kpiWeek", "countermeasureId", "createdAt", "updatedAt", "referenceUrl", "endDate", "expenseMeal", "expenseNote", "expenseOther", "expenseTransport", "expenseAccomm", "expenseAccommReceipt", "expenseMealReceipt", "expenseOtherReceipt", "expenseTransportReceipt", "expenseApprovedAt", "expenseApproverId", "expenseApproverName", "expenseApproverNote", "expenseStatus") VALUES ('cmqq3ck22000hrc1j4yqnvexf', 'cmqq36aut0000rc1jwk17aif3', 'team-pm', NULL, NULL, '2026-06-24', '2026-W26', '고객미팅', '가락시장 배송환경 방문', '실제 배송현장을 방문해서 차량/인원/배송거리/적재물 등의 조건 이해' || char(10) || '청과물 입찰 후 업체까지 방문', NULL, '계획', NULL, NULL, 'cmqq387fe000erc1j3b5qpd50', '2026-06-23T03:34:56.138+00:00', '2026-06-23T03:34:56.138+00:00', NULL, NULL, NULL, NULL, NULL, NULL, NULL, NULL, NULL, NULL, NULL, NULL, NULL, NULL, NULL, NULL);
INSERT OR IGNORE INTO "WorkActivity" ("id", "taskId", "teamId", "userId", "userName", "date", "week", "type", "title", "content", "mentions", "planStatus", "kpiItemId", "kpiWeek", "countermeasureId", "createdAt", "updatedAt", "referenceUrl", "endDate", "expenseMeal", "expenseNote", "expenseOther", "expenseTransport", "expenseAccomm", "expenseAccommReceipt", "expenseMealReceipt", "expenseOtherReceipt", "expenseTransportReceipt", "expenseApprovedAt", "expenseApproverId", "expenseApproverName", "expenseApproverNote", "expenseStatus") VALUES ('cmqyip1ce0000ic1jx0t26h1k', NULL, 'team-ceo', NULL, NULL, '2026-06-30', '2026-W27', '문서·자료작성', 'CATL 한국 JV 계약서 논의', '천리마 그룹과의 JV 계약서 논의 및 확정', NULL, '계획', NULL, NULL, NULL, '2026-06-29T01:06:42.062+00:00', '2026-06-29T01:06:42.062+00:00', NULL, NULL, NULL, NULL, NULL, NULL, NULL, NULL, NULL, NULL, NULL, NULL, NULL, NULL, NULL, NULL);

-- WeeklyUpdate (13건)
INSERT OR IGNORE INTO "WeeklyUpdate" ("id", "taskId", "teamId", "week", "weekStart", "status", "completed", "planned", "mentions", "createdAt", "updatedAt") VALUES ('cmqhu7shn0000vg1jxsimsk5d', 'cmqgdd1zh0002qk1jfp9i0gky', 'team-mfg', '2026-W25', '2026-06-15T00:00:00.000+00:00', '정상', NULL, NULL, NULL, '2026-06-17T08:57:07.835+00:00', '2026-06-17T08:57:11.451+00:00');
INSERT OR IGNORE INTO "WeeklyUpdate" ("id", "taskId", "teamId", "week", "weekStart", "status", "completed", "planned", "mentions", "createdAt", "updatedAt") VALUES ('cmqhu8fdp0001vg1jutdj1pb1', 'cmqhk3ogo00008w1js4ot2hyk', 'team-mfg', '2026-W25', '2026-06-15T00:00:00.000+00:00', '지연', NULL, NULL, NULL, '2026-06-17T08:57:37.501+00:00', '2026-06-19T08:02:50.155+00:00');
INSERT OR IGNORE INTO "WeeklyUpdate" ("id", "taskId", "teamId", "week", "weekStart", "status", "completed", "planned", "mentions", "createdAt", "updatedAt") VALUES ('cmqj55e4i001kz01jkcdcczeh', 'cmqj4ddy50013z01jpcg7pii0', 'team-biz', '2026-W25', '2026-06-15T00:00:00.000+00:00', '조치필요', NULL, NULL, NULL, '2026-06-18T06:50:57.858+00:00', '2026-06-18T06:51:00.307+00:00');
INSERT OR IGNORE INTO "WeeklyUpdate" ("id", "taskId", "teamId", "week", "weekStart", "status", "completed", "planned", "mentions", "createdAt", "updatedAt") VALUES ('cmqosshby00009w1jdb6l8x5l', 'cmqj4ddy50013z01jpcg7pii0', 'team-biz', '2026-W26', '2026-06-22T00:00:00.000+00:00', '조치필요', NULL, NULL, NULL, '2026-06-22T05:51:37.150+00:00', '2026-06-22T05:51:56.669+00:00');
INSERT OR IGNORE INTO "WeeklyUpdate" ("id", "taskId", "teamId", "week", "weekStart", "status", "completed", "planned", "mentions", "createdAt", "updatedAt") VALUES ('cmqossnpo00019w1ju261s4k5', 'cmqgdd1zh0002qk1jfp9i0gky', 'team-mfg', '2026-W26', '2026-06-22T00:00:00.000+00:00', '지연', NULL, NULL, NULL, '2026-06-22T05:51:45.420+00:00', '2026-06-22T05:51:59.059+00:00');
INSERT OR IGNORE INTO "WeeklyUpdate" ("id", "taskId", "teamId", "week", "weekStart", "status", "completed", "planned", "mentions", "createdAt", "updatedAt") VALUES ('cmqossqqm00029w1jjo1u9ybq', 'cmqhk3ogo00008w1js4ot2hyk', 'team-mfg', '2026-W26', '2026-06-22T00:00:00.000+00:00', '정상', NULL, NULL, NULL, '2026-06-22T05:51:49.342+00:00', '2026-06-22T05:51:49.342+00:00');
INSERT OR IGNORE INTO "WeeklyUpdate" ("id", "taskId", "teamId", "week", "weekStart", "status", "completed", "planned", "mentions", "createdAt", "updatedAt") VALUES ('cmqu8c9g00000ow1jcs8ukece', 'cmqq4net7000irc1j86tr4lj5', 'team-mkt', '2026-W26', '2026-06-22T00:00:00.000+00:00', '정상', NULL, NULL, NULL, '2026-06-26T01:05:45.169+00:00', '2026-06-26T01:05:45.169+00:00');
INSERT OR IGNORE INTO "WeeklyUpdate" ("id", "taskId", "teamId", "week", "weekStart", "status", "completed", "planned", "mentions", "createdAt", "updatedAt") VALUES ('cmqu9als50001ow1jnaq9wl8f', 'cmqq36aut0000rc1jwk17aif3', 'team-pm', '2026-W26', '2026-06-22T00:00:00.000+00:00', '정상', NULL, NULL, NULL, '2026-06-26T01:32:27.462+00:00', '2026-06-26T01:32:27.462+00:00');
INSERT OR IGNORE INTO "WeeklyUpdate" ("id", "taskId", "teamId", "week", "weekStart", "status", "completed", "planned", "mentions", "createdAt", "updatedAt") VALUES ('cmqyui2q3003sic1jnk6r1qia', 'cmqj4ddy50013z01jpcg7pii0', 'team-biz', '2026-W27', '2026-06-29T00:00:00.000+00:00', '조치필요', NULL, NULL, NULL, '2026-06-29T06:37:12.651+00:00', '2026-07-01T02:51:23.995+00:00');
INSERT OR IGNORE INTO "WeeklyUpdate" ("id", "taskId", "teamId", "week", "weekStart", "status", "completed", "planned", "mentions", "createdAt", "updatedAt") VALUES ('cmqyui376003tic1j7rrg4v9c', 'cmqgdd1zh0002qk1jfp9i0gky', 'team-mfg', '2026-W27', '2026-06-29T00:00:00.000+00:00', '지연', NULL, NULL, NULL, '2026-06-29T06:37:13.266+00:00', '2026-06-29T06:37:13.266+00:00');
INSERT OR IGNORE INTO "WeeklyUpdate" ("id", "taskId", "teamId", "week", "weekStart", "status", "completed", "planned", "mentions", "createdAt", "updatedAt") VALUES ('cmr1hbl9900008k1j5brmb098', 'cmqhk3ogo00008w1js4ot2hyk', 'team-mfg', '2026-W27', '2026-06-29T00:00:00.000+00:00', '정상', NULL, NULL, NULL, '2026-07-01T02:51:33.597+00:00', '2026-07-01T02:51:33.597+00:00');
INSERT OR IGNORE INTO "WeeklyUpdate" ("id", "taskId", "teamId", "week", "weekStart", "status", "completed", "planned", "mentions", "createdAt", "updatedAt") VALUES ('cmr1hbnvy00018k1j3hw4iw3f', 'cmqq4net7000irc1j86tr4lj5', 'team-mkt', '2026-W27', '2026-06-29T00:00:00.000+00:00', '정상', NULL, NULL, NULL, '2026-07-01T02:51:37.006+00:00', '2026-07-01T02:51:37.006+00:00');
INSERT OR IGNORE INTO "WeeklyUpdate" ("id", "taskId", "teamId", "week", "weekStart", "status", "completed", "planned", "mentions", "createdAt", "updatedAt") VALUES ('cmr1hbpyj00028k1jb6x5y4mu', 'cmqq36aut0000rc1jwk17aif3', 'team-pm', '2026-W27', '2026-06-29T00:00:00.000+00:00', '지연', NULL, NULL, NULL, '2026-07-01T02:51:39.691+00:00', '2026-07-01T02:51:39.691+00:00');

-- CompanyKpi (2건)
INSERT OR IGNORE INTO "CompanyKpi" ("id", "year", "label", "unit", "category", "index", "annualTarget", "createdAt", "updatedAt", "linkedToFunnel") VALUES ('cmqkf1feh0001j01jkhq3y9fr', 2026, 'STEGO K1 판매', '대', '영업', 0, 150, '2026-06-19T04:15:35.225+00:00', '2026-06-19T04:15:35.225+00:00', 1);
INSERT OR IGNORE INTO "CompanyKpi" ("id", "year", "label", "unit", "category", "index", "annualTarget", "createdAt", "updatedAt", "linkedToFunnel") VALUES ('cmqkfn3zc0005j01jajhha56k', 2026, '서비스매출 100억 달성', '억', '운영', 0, 100, '2026-06-19T04:32:26.857+00:00', '2026-06-19T04:32:26.857+00:00', 0);

-- CompanyKpiEntry (17건)
INSERT OR IGNORE INTO "CompanyKpiEntry" ("id", "companyKpiId", "year", "month", "target", "actual", "memo", "updatedAt") VALUES ('cmqkf2giv0002j01jdajtxe0n', 'cmqkf1feh0001j01jkhq3y9fr', 2026, 7, 20, NULL, NULL, '2026-07-03T01:19:10.514+00:00');
INSERT OR IGNORE INTO "CompanyKpiEntry" ("id", "companyKpiId", "year", "month", "target", "actual", "memo", "updatedAt") VALUES ('cmqkf2iy20003j01j6sey1gzo', 'cmqkf1feh0001j01jkhq3y9fr', 2026, 8, 30, NULL, NULL, '2026-07-02T05:17:27.208+00:00');
INSERT OR IGNORE INTO "CompanyKpiEntry" ("id", "companyKpiId", "year", "month", "target", "actual", "memo", "updatedAt") VALUES ('cmqkf2lsh0004j01jqcp5ihz4', 'cmqkf1feh0001j01jkhq3y9fr', 2026, 9, 50, NULL, NULL, '2026-07-03T01:19:19.040+00:00');
INSERT OR IGNORE INTO "CompanyKpiEntry" ("id", "companyKpiId", "year", "month", "target", "actual", "memo", "updatedAt") VALUES ('cmqkfnfeh0006j01j6kyehfft', 'cmqkfn3zc0005j01jajhha56k', 2026, 3, 10, NULL, NULL, '2026-06-19T04:33:11.911+00:00');
INSERT OR IGNORE INTO "CompanyKpiEntry" ("id", "companyKpiId", "year", "month", "target", "actual", "memo", "updatedAt") VALUES ('cmqkfni9y0007j01jrzsqoipo', 'cmqkfn3zc0005j01jajhha56k', 2026, 1, NULL, NULL, NULL, '2026-06-19T04:32:45.382+00:00');
INSERT OR IGNORE INTO "CompanyKpiEntry" ("id", "companyKpiId", "year", "month", "target", "actual", "memo", "updatedAt") VALUES ('cmqkfnkw40008j01jjf71kiz9', 'cmqkfn3zc0005j01jajhha56k', 2026, 12, 10, NULL, NULL, '2026-06-19T04:32:48.772+00:00');
INSERT OR IGNORE INTO "CompanyKpiEntry" ("id", "companyKpiId", "year", "month", "target", "actual", "memo", "updatedAt") VALUES ('cmqkfnn0j0009j01jrdimfxsd', 'cmqkfn3zc0005j01jajhha56k', 2026, 11, 10, NULL, NULL, '2026-06-19T04:32:51.523+00:00');
INSERT OR IGNORE INTO "CompanyKpiEntry" ("id", "companyKpiId", "year", "month", "target", "actual", "memo", "updatedAt") VALUES ('cmqkfnot7000aj01jnwv9aiga', 'cmqkfn3zc0005j01jajhha56k', 2026, 10, 10, NULL, NULL, '2026-06-19T04:32:53.851+00:00');
INSERT OR IGNORE INTO "CompanyKpiEntry" ("id", "companyKpiId", "year", "month", "target", "actual", "memo", "updatedAt") VALUES ('cmqkfnqke000bj01j6c7yfg2r', 'cmqkfn3zc0005j01jajhha56k', 2026, 9, 10, NULL, NULL, '2026-06-19T04:32:56.126+00:00');
INSERT OR IGNORE INTO "CompanyKpiEntry" ("id", "companyKpiId", "year", "month", "target", "actual", "memo", "updatedAt") VALUES ('cmqkfnscb000cj01jwqxvxny2', 'cmqkfn3zc0005j01jajhha56k', 2026, 8, 10, NULL, NULL, '2026-06-19T04:32:58.427+00:00');
INSERT OR IGNORE INTO "CompanyKpiEntry" ("id", "companyKpiId", "year", "month", "target", "actual", "memo", "updatedAt") VALUES ('cmqkfnu6t000dj01jepfh8ikh', 'cmqkfn3zc0005j01jajhha56k', 2026, 7, 10, NULL, NULL, '2026-06-19T04:33:00.821+00:00');
INSERT OR IGNORE INTO "CompanyKpiEntry" ("id", "companyKpiId", "year", "month", "target", "actual", "memo", "updatedAt") VALUES ('cmqkfnw23000ej01j4gcidrt2', 'cmqkfn3zc0005j01jajhha56k', 2026, 6, 10, NULL, NULL, '2026-06-19T04:33:03.243+00:00');
INSERT OR IGNORE INTO "CompanyKpiEntry" ("id", "companyKpiId", "year", "month", "target", "actual", "memo", "updatedAt") VALUES ('cmqkfnxy1000fj01j6iwlko1u', 'cmqkfn3zc0005j01jajhha56k', 2026, 5, 10, NULL, NULL, '2026-06-19T04:33:05.689+00:00');
INSERT OR IGNORE INTO "CompanyKpiEntry" ("id", "companyKpiId", "year", "month", "target", "actual", "memo", "updatedAt") VALUES ('cmqkfnzp3000gj01j6gymi7hf', 'cmqkfn3zc0005j01jajhha56k', 2026, 4, 10, NULL, NULL, '2026-06-19T04:33:07.959+00:00');
INSERT OR IGNORE INTO "CompanyKpiEntry" ("id", "companyKpiId", "year", "month", "target", "actual", "memo", "updatedAt") VALUES ('cmr31zb2h00031o1jxaozyhsr', 'cmqkf1feh0001j01jkhq3y9fr', 2026, 10, 30, NULL, NULL, '2026-07-03T01:17:56.654+00:00');
INSERT OR IGNORE INTO "CompanyKpiEntry" ("id", "companyKpiId", "year", "month", "target", "actual", "memo", "updatedAt") VALUES ('cmr31ze3u00041o1j2zesobzg', 'cmqkf1feh0001j01jkhq3y9fr', 2026, 11, 20, NULL, NULL, '2026-07-03T01:19:21.457+00:00');
INSERT OR IGNORE INTO "CompanyKpiEntry" ("id", "companyKpiId", "year", "month", "target", "actual", "memo", "updatedAt") VALUES ('cmr48uxja0009uw1j9fuje2ph', 'cmqkf1feh0001j01jkhq3y9fr', 2026, 12, NULL, NULL, NULL, '2026-07-03T01:17:57.958+00:00');

-- TripReport (1건)
INSERT OR IGNORE INTO "TripReport" ("id", "type", "title", "userId", "userName", "teamName", "destination", "purpose", "visitTarget", "companions", "startDate", "endDate", "transport", "accommodation", "budgetTransport", "budgetAccomm", "budgetMeal", "budgetOther", "actualTransport", "actualAccomm", "actualMeal", "actualOther", "schedule", "result", "nextAction", "status", "approverId", "approverName", "approvalComment", "approvedAt", "submittedAt", "createdAt", "updatedAt", "preApprovalComment", "preApprovalRequestedAt", "preApprovalStatus", "preApprovedAt", "preApproverId", "preApproverName", "approversJson") VALUES ('cmqrmewb30000g01jccdblkxo', '해외출장', '중국사업개발을 위한 업체방문', 'cmqklzwvi00006k1js8bq6wxb', '이현수', '', '중국 베이징, 닝더, 창조우', '• CATL 방문' || char(10) || '• 펑차오 방문', '', '민원기', '2026-05-31', '2026-06-05', '', '', NULL, NULL, NULL, NULL, NULL, NULL, NULL, NULL, '', '', '', '초안', 'cmqklzwvi00006k1js8bq6wxb', '관리자', NULL, NULL, NULL, '2026-06-24T05:16:24.207+00:00', '2026-06-24T08:45:59.609+00:00', NULL, NULL, NULL, NULL, '', '', '[{"userId":"cmqklzwvi00006k1js8bq6wxb","userName":"관리자","order":1,"status":"대기","comment":null,"approvedAt":null}]');

-- TripDayRecord (6건)
INSERT OR IGNORE INTO "TripDayRecord" ("id", "tripReportId", "date", "city", "company", "activity", "meetingNoteId", "transportCost", "transportReceipt", "accommodationCost", "accommodationReceipt", "mealCost", "mealReceipt", "otherCost", "otherReceipt", "createdAt", "updatedAt") VALUES ('cmqro65vi0001g01jy19925jp', 'cmqrmewb30000g01jccdblkxo', '2026-05-31', '베이징', '펑차오', '• 펑차오 SNS MKT 현황 이해', NULL, 79.4, '/uploads/receipts/cmqrmewb30000g01jccdblkxo/%EA%B5%90%ED%86%B5%EB%B9%843_0531.jpg|/uploads/receipts/cmqrmewb30000g01jccdblkxo/%EA%B5%90%ED%86%B5%EB%B9%844_0531.jpg', NULL, NULL, 300.5, '/uploads/receipts/cmqrmewb30000g01jccdblkxo/%EC%8B%9D%EB%B9%845_0531.jpg|/uploads/receipts/cmqrmewb30000g01jccdblkxo/%EC%8B%9D%EB%B9%846_0531.jpg|/uploads/receipts/cmqrmewb30000g01jccdblkxo/%EC%8B%9D%EB%B9%847_0531.jpg', NULL, NULL, '2026-06-24T06:05:35.934+00:00', '2026-06-24T08:22:53.758+00:00');
INSERT OR IGNORE INTO "TripDayRecord" ("id", "tripReportId", "date", "city", "company", "activity", "meetingNoteId", "transportCost", "transportReceipt", "accommodationCost", "accommodationReceipt", "mealCost", "mealReceipt", "otherCost", "otherReceipt", "createdAt", "updatedAt") VALUES ('cmqrspskl0000hc1jhpqgy6jd', 'cmqrmewb30000g01jccdblkxo', '2026-06-01', '푸조우', '복건두산', '• 복건두산 제갈승 대표 방문', NULL, 53.2, '/uploads/receipts/cmqrmewb30000g01jccdblkxo/%EA%B5%90%ED%86%B5%EB%B9%845_0601.jpg', NULL, NULL, 75.9, '/uploads/receipts/cmqrmewb30000g01jccdblkxo/%EC%8B%9D%EB%B9%848_0601.jpg|/uploads/receipts/cmqrmewb30000g01jccdblkxo/%EC%8B%9D%EB%B9%849_0601.jpg|/uploads/receipts/cmqrmewb30000g01jccdblkxo/%EC%8B%9D%EB%B9%8410_0601.jpg', NULL, NULL, '2026-06-24T08:12:50.277+00:00', '2026-06-24T08:25:55.484+00:00');
INSERT OR IGNORE INTO "TripDayRecord" ("id", "tripReportId", "date", "city", "company", "activity", "meetingNoteId", "transportCost", "transportReceipt", "accommodationCost", "accommodationReceipt", "mealCost", "mealReceipt", "otherCost", "otherReceipt", "createdAt", "updatedAt") VALUES ('cmqrt6bin0001hc1jpbvlxrv8', 'cmqrmewb30000g01jccdblkxo', '2026-06-02', '닝더', 'CATL', '• CATL 방문', NULL, 558.24, '/uploads/receipts/cmqrmewb30000g01jccdblkxo/%EA%B5%90%ED%86%B5%EB%B9%846_0602.jpg|/uploads/receipts/cmqrmewb30000g01jccdblkxo/%EA%B5%90%ED%86%B5%EB%B9%847_0602.jpg|/uploads/receipts/cmqrmewb30000g01jccdblkxo/%EA%B5%90%ED%86%B5%EB%B9%848_0602.jpg|/uploads/receipts/cmqrmewb30000g01jccdblkxo/%EA%B5%90%ED%86%B5%EB%B9%849_0602.jpg', NULL, NULL, 151.78, '/uploads/receipts/cmqrmewb30000g01jccdblkxo/%EC%8B%9D%EB%B9%8411_0602.jpg|/uploads/receipts/cmqrmewb30000g01jccdblkxo/%EC%8B%9D%EB%B9%8412_0602.jpg|/uploads/receipts/cmqrmewb30000g01jccdblkxo/%EC%8B%9D%EB%B9%8413_0602.jpg', NULL, NULL, '2026-06-24T08:25:41.327+00:00', '2026-06-24T08:30:11.664+00:00');
INSERT OR IGNORE INTO "TripDayRecord" ("id", "tripReportId", "date", "city", "company", "activity", "meetingNoteId", "transportCost", "transportReceipt", "accommodationCost", "accommodationReceipt", "mealCost", "mealReceipt", "otherCost", "otherReceipt", "createdAt", "updatedAt") VALUES ('cmqrtce2i0002hc1jkrb5xcg8', 'cmqrmewb30000g01jccdblkxo', '2026-06-03', '우한, 창조우', '무한천리마', '• 호북성 CATL 직영점 방문' || char(10) || '• 무한천리마와의 협업방안 논의', NULL, NULL, NULL, NULL, NULL, 219.8, '/uploads/receipts/cmqrmewb30000g01jccdblkxo/%EC%8B%9D%EB%B9%8414_0603.jpg|/uploads/receipts/cmqrmewb30000g01jccdblkxo/%EC%8B%9D%EB%B9%8415_0603.jpg|/uploads/receipts/cmqrmewb30000g01jccdblkxo/%EC%8B%9D%EB%B9%8416_0603.jpg|/uploads/receipts/cmqrmewb30000g01jccdblkxo/%EC%8B%9D%EB%B9%8417_0603.jpg|/uploads/receipts/cmqrmewb30000g01jccdblkxo/%EC%8B%9D%EB%B9%8418_0603.jpg', NULL, NULL, '2026-06-24T08:30:24.570+00:00', '2026-06-24T08:34:33.553+00:00');
INSERT OR IGNORE INTO "TripDayRecord" ("id", "tripReportId", "date", "city", "company", "activity", "meetingNoteId", "transportCost", "transportReceipt", "accommodationCost", "accommodationReceipt", "mealCost", "mealReceipt", "otherCost", "otherReceipt", "createdAt", "updatedAt") VALUES ('cmqrthoe60003hc1jbomqpzwn', 'cmqrmewb30000g01jccdblkxo', '2026-06-04', '창조우', '펑차오', '• 한국쓰리축 계약서 날인' || char(10) || '• 상호 현황 교류', NULL, 69.3, '/uploads/receipts/cmqrmewb30000g01jccdblkxo/%EA%B5%90%ED%86%B5%EB%B9%8410_0604.jpg', NULL, NULL, NULL, NULL, NULL, NULL, '2026-06-24T08:34:31.230+00:00', '2026-06-24T08:45:30.924+00:00');
INSERT OR IGNORE INTO "TripDayRecord" ("id", "tripReportId", "date", "city", "company", "activity", "meetingNoteId", "transportCost", "transportReceipt", "accommodationCost", "accommodationReceipt", "mealCost", "mealReceipt", "otherCost", "otherReceipt", "createdAt", "updatedAt") VALUES ('cmqrtj5rz0004hc1j86qqz7jz', 'cmqrmewb30000g01jccdblkxo', '2026-06-05', '웨이하이', '', '• 공장참관' || char(10) || '• 협업 가능성 논의', NULL, NULL, NULL, NULL, NULL, NULL, NULL, NULL, NULL, '2026-06-24T08:35:40.415+00:00', '2026-06-24T08:37:55.847+00:00');

COMMIT;
PRAGMA foreign_keys = ON;
